,text,label
0,چه خبر؟,chitchat
1,چه خبرا؟,chitchat
2,جدیدا چه خبر؟,chitchat
3,تازگی‌ها چه خبر؟,chitchat
4,چه خبر؟ همه چی خوب پیش میره؟,chitchat
5,دیگه چه خبر؟,chitchat
6,کار و بار چطوره؟,chitchat
7,چیکارا می‌کنی؟,chitchat
8,امروز چیکار کردی؟,chitchat
9,چه خبر از کار و زندگی؟,chitchat
10,خسته نباشی,chitchat
11,خستت کردم دستت دردنکنه,chitchat
12,خسته هم شدی عذر میخوام خدافظ,chitchat
13,خسته نباشی لذت بردم از کار باهات,chitchat
14,خداقوت,chitchat
15,خداقوت پهلوان خسته هم نباشی,chitchat
16,خدا یار و همراه شما,chitchat
17,دستت درد نکنه,chitchat
18,دستت طلا خوشحال شدم,chitchat
19,مرسی,chitchat
20,مرسی عزیزم,chitchat
21,مرسی خوب شد صحبت کردیم,chitchat
22,ممنون,chitchat
23,ممنونم ازت دمت گرم,chitchat
24,از شما ممنونم,chitchat
25,لطف کردی,chitchat
26,خیلی لطف کردی,chitchat
27,مچکرم از لطفتون,chitchat
28,مرسی از لطفت,chitchat
29,تشکر,chitchat
30,متشکرم,chitchat
31,از زحمتی که برام کشیدی متشکرم,chitchat
32,تشکر میکنم ازت,chitchat
33,چجوری ازت تشکر کنم,chitchat
34,زحمت کشیدی,chitchat
35,خیلی زحمت کشیدید,chitchat
36,زحمتت دادم خسته شدی,chitchat
37,زیاد بهت زحمت دادم شرمنده,chitchat
38,سپاس,chitchat
39,سپاسگزارم,chitchat
40,از کاری که برایم کردی سپاسگزارم,chitchat
41,مچکرم,chitchat
42,مچکرم ازت زحمتت دادم,chitchat
43,خداحافظ,chitchat
44,خدافظ,chitchat
45,خدافظی میکنم ازت,chitchat
46,خدا حافظت باشه,chitchat
47,بای,chitchat
48,بای بای,chitchat
49,خستت کردم بای,chitchat
50,من دیگه میرم بای,chitchat
51,خدانگهدار,chitchat
52,بدرود,chitchat
53,دستت درد نکنه بدرود,chitchat
54,تا درودی دیگر بدرود,chitchat
55,خدا یار و نگهدار,chitchat
56,موفق باشید,chitchat
57,موفق و پیروز باشید,chitchat
58,موفق باشی خدافظ,chitchat
59,سلام,chitchat
60,سلام علیکم,chitchat
61,سلام و عرض ادب,chitchat
62,سلام بر شما دوست عزیز,chitchat
63,سلامی دوباره خدمت تو,chitchat
64,درود,chitchat
65,درود بر شما,chitchat
66,خدمتتون درود میفرستم,chitchat
67,درود خدمتت,chitchat
68,هلو,chitchat
71,هلو عزیزم,chitchat
72,من اومدم,chitchat
73,من دوباره اومدم,chitchat
74,اقا من اومدم دوباره مزاحمت بشم,chitchat
75,روزت بخیر,chitchat
76,روزت بخیر و شادی,chitchat
77,سلام روز بخیر,chitchat
78,صبحگاهت بخیر,chitchat
79,صبحت بخیر,chitchat
80,ظهرت بخیر,chitchat
81,عصرت بخیر,chitchat
82,شبت بخیر سلام,chitchat
83,وقتت بخیر,chitchat
84,حال و روزت بخیر,chitchat
85,خوبی؟,chitchat
86,خوب هستید؟,chitchat
87,خوبی؟ خوشی؟,chitchat
88,حالت خوبه؟,chitchat
89,شما احیانا خوب هستید؟,chitchat
90,چطوری؟,chitchat
91,امروز چطوری؟,chitchat
92,چطور مطوری؟,chitchat
93,حال دلت چطوره؟,chitchat
94,حالت چطوره عزیزم,chitchat
95,احوالت؟,chitchat
96,احوال شریفتان چطور است؟,chitchat
97,حال و احوالت چطوره,chitchat
98,حالت خوبه؟,chitchat
99,حالتان خوب است؟,chitchat
100,حال روحی مساعدی دارید؟,chitchat
101,شاد و سلامت هستید؟,chitchat
102,شاد و شاداب هستید؟,chitchat
103,شاد و خرسندی؟,chitchat
104,سلام، کمک میخواستم,chitchat
105,سلام، خوب هستید؟,chitchat
106,سلام، چطوری؟,chitchat
107,سلام، امروز چطوری؟,chitchat
108,سلام، چطور مطوری؟,chitchat
109,سلام، احوالت؟,chitchat
110,سلام، احوال شریفتان چطور است؟,chitchat
111,سلام، حالت خوبه؟,chitchat
112,سلام، حالتان خوب است؟,chitchat
113,سلام، حال روحی مساعدی دارید؟,chitchat
114,شغلت چیه؟,chitchat
115,شغلتون چیه؟,chitchat
116,شغل شما چیست؟,chitchat
117,انشاالله سلامت باشی,chitchat
118,متشکرم که کمک کردی,chitchat
119,شما چه کار انحام میدی؟ ,chitchat
120,شغلت رو بگو,chitchat
121,شغلتو بگو ببینم,chitchat
122,شما چه کاری برای من میتوانی انجام بدهی؟,chitchat
123,کاری که شما میکنید چیست؟,chitchat
124,شغل شما در اینجا چیست و چه کاری انجام میدهید؟,chitchat
125,چی کاره‌ای؟,chitchat
126,چه کاره هستی؟,chitchat
127,به چه کاری مشغولی؟,chitchat
128,وظیفه تو چیه؟,chitchat
129,وظیفه شما در اینجا چیست؟,chitchat
130,چیکارا میتوانی کنی,chitchat
131,چه کارهایی میتوانی انجام دهی؟,chitchat
132,چه خدماتی ارایه می دهی؟,chitchat
133,کارهایی که میتوانی انجام دهی چیه؟,chitchat
134,اسمت چیه؟,chitchat
135,اسمتون چیه؟,chitchat
136,اسم شما چیست؟,chitchat
137,میتونم اسمتو بپرسم,chitchat
138,میخوام اسمتو داشته باشم,chitchat
139,میتونم اسمت رو داشته باشم؟,chitchat
140,لطفا اسمت رو بهم بگو,chitchat
141,اسم رو میشه بهم بگی؟,chitchat
142,دوستدارم نامت را بدونم,chitchat
143,اسمتو بگو,chitchat
144,نامت رو بگو,chitchat
145,اسمتو بگو ببینم,chitchat
146,آیا میتوانی نامت رو به من بگویی؟,chitchat
147,به چه سامی باید صدات کنم؟,chitchat
148,نام شریفتان را بفرمایید,chitchat
149,می‌تونم اسمتو بدونم؟,chitchat
150,خودتو معرفی می‌کنی؟,chitchat
151,خودتو معرفی کن,chitchat
152,میشه به من اسمت رو بگی و خودت رو معرفی بکنی؟,chitchat
153,آیا میتوانی اسمت رو به من بگویی و یا حتی خودت را معرفی بکنی؟,chitchat
154,اصل میدی؟,chitchat
155,اصل بده,chitchat
156,اصل لطفا,chitchat
158,سلام و عرض ادب و احترام,chitchat
159,درود بر شما دوست عزیز,chitchat
160,سلام خوبی؟,chitchat
161,سلام حالت چطوره؟,chitchat
162,سلام شما کی هستید؟,chitchat